"Id";"Designator";"Footprint";"Quantity";"Designation";"Supplier and ref";
1;"A1";"RaspberryPi_Pico_Common_Unspecified";1;"RaspberryPi_Pico";;;
2;"C1, C6, C13";"C_0805_2012Metric_Pad1.18x1.45mm_HandSolder";3;"10nF";;;
3;"C2, C3, C4, C7, C8, C11, C14, C15, C16, C18, C20";"C_0805_2012Metric_Pad1.18x1.45mm_HandSolder";11;"100nF";;;
4;"C5, C12, C17";"C_0805_2012Metric_Pad1.18x1.45mm_HandSolder";3;"0.47µF";;;
5;"C9, C10, C22";"CP_Radial_D10.0mm_P5.00mm";3;"100µF";;;
6;"C19, C23";"C_0805_2012Metric_Pad1.18x1.45mm_HandSolder";2;"10µF";;;
7;"C21";"C_0805_2012Metric_Pad1.18x1.45mm_HandSolder";1;"47pF";;;
8;"C24";"C_0805_2012Metric_Pad1.18x1.45mm_HandSolder";1;"33nF";;;
9;"D1";"D_SOD-123F";1;"1N5819HW";;;
10;"D2";"LED_0805_2012Metric_Pad1.15x1.40mm_HandSolder";1;"LED_green";;;
11;"F1, F2, F3";"Fuse_1206_3216Metric_Pad1.42x1.75mm_HandSolder";3;"6.3A";;;
12;"J1, J4, J9, J14, J17";"PinHeader_1x03_P2.54mm_Vertical";5;"PINHD_1x3_Male";;;
13;"J2, J5, J6, J16";"PinHeader_1x05_P2.54mm_Vertical";4;"PINHD_1x5_Male";;;
14;"J3";"PinHeader_2x04_P2.54mm_Vertical";1;"PINHD_2x4_Male";;;
15;"J7, J8, J10, J13";"PinHeader_2x02_P2.54mm_Vertical";4;"PINHD_2x2_Male";;;
16;"J11, J12";"2068320201_MicroFit+_vertical_header_2pos";2;"MicroFit+Vheader1x2";;;
17;"L1";"L_12x12mm_H8mm";1;"4.7uH";;;
18;"R1, R8, R15";"R_0805_2012Metric_Pad1.20x1.40mm_HandSolder";3;"1MΩ";;;
19;"R2, R3, R5, R9, R10, R12, R16, R17, R19";"R_0805_2012Metric_Pad1.20x1.40mm_HandSolder";9;"0Ω";;;
20;"R4, R6, R11, R13, R18, R20";"R_0805_2012Metric_Pad1.20x1.40mm_HandSolder";6;"0.1Ω";;;
21;"R7, R14, R21";"R_0805_2012Metric_Pad1.20x1.40mm_HandSolder";3;"120Ω";;;
22;"R22, R24, R28";"R_0805_2012Metric_Pad1.20x1.40mm_HandSolder";3;"10kΩ";;;
23;"R23";"R_0805_2012Metric_Pad1.20x1.40mm_HandSolder";1;"1kΩ";;;
24;"R25";"R_0805_2012Metric_Pad1.20x1.40mm_HandSolder";1;"28kΩ";;;
25;"R26, R27";"R_0805_2012Metric_Pad1.20x1.40mm_HandSolder";2;"100kΩ";;;
26;"TP1";"TestPoint_Pad_1.5x1.5mm";1;"M1Vref";;;
27;"TP2";"TestPoint_Pad_1.5x1.5mm";1;"M2Vref";;;
28;"TP3";"TestPoint_Pad_1.5x1.5mm";1;"M3Vref";;;
29;"U1, U2, U3";"PWP28_5P18X3P1-M";3;"DRV8825PWP";;;
30;"U4";"SOT-583";1;"TPS62933";;;
31;"VR1, VR2, VR3";"3362P";3;"3362P-10kΩ";;;
